x1,ce_x1,delta_x1,changed_x1,x2,ce_x2,delta_x2,changed_x2,pred_orig,dist_l2,num_features_changed
0.5805027992602783,0.5862430384979398,0.0057402392376615,1,0.2722519080046646,0.2787978299590307,0.006545921954366,1,1,0.008706287425662,2
0.591429538813427,0.8611370740714377,0.2697075352580107,1,0.0178458925242264,0.1062832393738812,0.0884373468496548,1,1,0.2838367821350102,2
0.9704468794759078,0.5431400887667729,-0.4273067907091349,1,0.2281400285482945,0.2754581678670962,0.0473181393188017,1,0,0.4299187128920233,2
0.1362705239872257,0.6151700660571938,0.4788995420699681,1,0.2506079539812625,0.3834931584285579,0.1328852044472953,1,1,0.4969942142075948,2
0.6626056457876635,0.0209723519214113,-0.6416332938662521,1,0.4987028721644518,0.175535361205905,-0.3231675109585468,1,0,0.7184222462708116,2
0.5982305733739814,0.5750959932122908,-0.0231345801616906,1,-0.3256457730445116,0.3006282647150152,0.6262740377595268,1,1,0.6267011881039312,2
1.4614892371749222,0.1963263657636408,-1.2651628714112813,1,0.332549194045007,0.2822271712211676,-0.0503220228238394,1,0,1.266163258501336,2
0.6403800796775104,0.5469101193531308,-0.0934699603243796,1,0.7047766263834487,-0.1729842804527032,-0.8777609068361519,1,0,0.8827235371580758,2
