x1,ce_x1,delta_x1,changed_x1,x2,ce_x2,delta_x2,changed_x2,pred_orig,dist_l2,num_features_changed
0.5805027992602783,0.5862430384979398,0.005740239237661537,1,0.27225190800466464,0.2787978299590307,0.006545921954366041,1,1,0.00870628742566201,2
0.591429538813427,0.8611370740714377,0.2697075352580107,1,0.017845892524226414,0.10628323937388126,0.08843734684965485,1,1,0.28383678213501023,2
0.9704468794759078,0.5431400887667729,-0.4273067907091349,1,0.22814002854829452,0.27545816786709626,0.047318139318801744,1,0,0.4299187128920233,2
0.13627052398722572,0.6151700660571938,0.4788995420699681,1,0.25060795398126257,0.3834931584285579,0.13288520444729535,1,1,0.4969942142075948,2
0.6626056457876635,0.020972351921411392,-0.6416332938662521,1,0.49870287216445186,0.17553536120590507,-0.3231675109585468,1,0,0.7184222462708116,2
0.5982305733739814,0.5750959932122908,-0.023134580161690677,1,-0.3256457730445116,0.30062826471501525,0.6262740377595268,1,1,0.6267011881039312,2
1.4614892371749222,0.19632636576364088,-1.2651628714112813,1,0.33254919404500705,0.2822271712211676,-0.05032202282383946,1,0,1.266163258501336,2
0.6403800796775104,0.5469101193531308,-0.0934699603243796,1,0.7047766263834487,-0.1729842804527032,-0.8777609068361519,1,0,0.8827235371580758,2
