x1,ce_x1,delta_x1,changed_x1,x2,ce_x2,delta_x2,changed_x2,pred_orig,dist_l2,num_features_changed
0.13336735060577987,0.13334032888250957,-2.7021723270292952e-05,0,0.5347408275498899,0.5347937588795224,5.293132963246627e-05,0,1,5.942978365396507e-05,0
-0.27881086104938146,0.13316054284872048,0.41197140389810194,1,0.5347660964998611,0.5348037323424457,3.7635842584649026e-05,0,0,0.41197140561722206,1
0.13337988581840365,0.1312500225322744,-0.002129863286129241,1,0.7961324945841082,0.5348200696402834,-0.2613124249438248,1,0,0.26132110467323466,2
