x1,ce_x1,delta_x1,changed_x1,x2,ce_x2,delta_x2,changed_x2,pred_orig,dist_l2,num_features_changed
0.3184200443972611,0.31227055475899407,-0.006149489638267058,1,0.37332635535290004,0.37735595381764503,0.004029598464744988,1,1,0.007352134832701933,2
0.12830891079957824,-0.06953313498370794,-0.19784204578328618,1,0.6282258290231264,0.4944988756426367,-0.13372695338048968,1,0,0.23879776619588292,2
0.6834099471054573,0.32588622631202435,-0.357523720793433,1,0.349215267444933,0.19281139112832812,-0.15640387631660485,1,0,0.3902375987226762,2
0.1361901834114707,0.4350338348568193,0.2988436514453486,1,0.1903224840518848,0.42833670105692,0.23801421700503522,1,1,0.3820448867681768,2
-0.23461636255268992,0.22518752155226324,0.45980388410495315,1,0.23858591601036816,0.4156289166898483,0.17704300067948014,1,1,0.4927107020631839,2
0.2290571288221902,0.3306336258151574,0.10157649699296717,1,-0.04764438599719267,0.4012107447703441,0.44885513076753675,1,1,0.46020507728370924,2
0.47955042271461745,0.1833598599427918,-0.29619056277182565,1,0.8817639620754965,0.3553484518486313,-0.5264155102268652,1,0,0.6040216377601896,2
