x1,ce_x1,delta_x1,changed_x1,x2,ce_x2,delta_x2,changed_x2,pred_orig,dist_l2,num_features_changed
0.3861718057721671,0.3861783366956146,6.530923447489734e-06,0,0.43167475087257456,0.43543692942303014,0.003762178550455575,1,1,0.003762184219103191,1
0.40541267944539605,0.4396585035443753,0.03424582409897925,1,0.22498655191055728,0.4191167173374288,0.1941301654268715,1,1,0.19712761753971136,2
0.24633046097131633,-0.03190425067925973,-0.27823471165057606,1,0.6249430824014482,0.4476311574652888,-0.17731192493615944,1,0,0.32993040704343307,2
0.7796247876414879,0.34284671379261356,-0.43677807384887435,1,0.4518365805316245,0.4534698912778031,0.0016333107461786178,1,0,0.43678112768196187,2
0.7940628698734299,0.8034160600670874,0.009353190193657546,1,0.01316862004227115,0.4365043393705942,0.42333571932832303,1,1,0.4234390315334988,2
0.37145752854124203,0.43396440635727124,0.0625068778160292,1,0.00015104058402876097,0.4260870270516639,0.42593598646763514,1,1,0.4304980538196026,2
-0.15338171401308842,-0.5131982417390157,-0.3598165277259273,1,0.08252371939878905,0.4566358146051556,0.37411209520636657,1,1,0.5190643441852277,2
-0.6072013598438528,0.25695071979310957,0.8641520796369624,1,0.5381104600764932,0.4273726042945271,-0.1107378557819661,1,0,0.871218508437507,2
0.47505252194099157,0.43111052909650965,-0.043941992844481914,1,0.8335946677652568,0.20319087197077884,-0.6304037957944779,1,0,0.6319334177642691,2
