N,t_gs,l2_gs,ex_gs,t_ga,l2_ga,ex_ga,t_mem,l2_mem,ex_mem
5,0.05899810791015625,0.5900614034713344,1.0,0.4079928398132324,0.26657417838790753,1.0,0.4604506492614746,0.10307930576840592,1.0
10,0.0873575210571289,0.47189074545892773,1.0,0.4126608371734619,0.4907209492964036,1.0,0.49623680114746094,0.29321359809932745,1.0
20,0.1717522144317627,0.4657378110408863,1.0,0.3999021053314209,0.5121952687664473,0.45,0.5171916484832764,0.2875407887639241,0.6
30,0.29450154304504395,0.41517729248311513,1.0,0.4115018844604492,0.43721198776817766,0.3333333333333333,0.5308456420898438,0.2978785377441556,0.43333333333333335
40,0.35599327087402344,0.4283074671839273,1.0,0.40247511863708496,0.4855145671029127,0.25,0.5352542400360107,0.23019966970396555,0.2
50,0.44883084297180176,0.4573548328060506,1.0,0.4062812328338623,0.45049826178758157,0.16,0.49635839462280273,0.24007472898687932,0.18
