N,t_gs,l2_gs,ex_gs,t_ga,l2_ga,ex_ga,t_mem,l2_mem,ex_mem
5,0.05151200294494629,0.5900614034713344,1.0,0.4450414180755615,0.2370397178365561,1.0,0.49033522605895996,0.19459721658468862,1.0
10,0.09220767021179199,0.47189074545892773,1.0,0.5053768157958984,0.5681399986005526,0.9,0.5850682258605957,0.15726108850819145,0.8
20,0.26568102836608887,0.4657378110408863,1.0,0.4970979690551758,0.4798367083436183,0.5,0.5697414875030518,0.190026485827403,0.5
30,0.3771214485168457,0.41517729248311513,1.0,0.5162403583526611,0.5637232996349526,0.26666666666666666,0.6449289321899414,0.17243749766132532,0.3
40,0.4675464630126953,0.4283074671839273,1.0,0.5581300258636475,0.3662436979709454,0.175,0.6109039783477783,0.2075849845599854,0.2
50,0.5386805534362793,0.4573548328060506,1.0,0.5240216255187988,0.44075571560631044,0.2,0.5714111328125,0.19816562667582657,0.16
