N,t_gs,l2_gs,ex_gs,t_ga,l2_ga,ex_ga,t_mem,l2_mem,ex_mem
5,0.05372166633605957,0.5900614034713344,1.0,0.400768518447876,0.27910631793962803,1.0,0.46094202995300293,0.1529114334419987,1.0
10,0.0889134407043457,0.47189074545892773,1.0,0.40262937545776367,0.5879763938956006,1.0,0.5370805263519287,0.21560594078430326,0.9
20,0.18218016624450684,0.4657378110408863,1.0,0.40370917320251465,0.5320568910128975,0.55,0.5070984363555908,0.28515499703435193,0.55
30,0.2662978172302246,0.41517729248311513,1.0,0.4068913459777832,0.435106078806751,0.3,0.475935697555542,0.20403314415334553,0.26666666666666666
40,0.37700629234313965,0.4283074671839273,1.0,0.42957639694213867,0.45103643918119973,0.25,0.4830350875854492,0.22248918084349356,0.225
50,0.44631123542785645,0.4573548328060506,1.0,0.4305379390716553,0.4433474926189553,0.18,0.47421932220458984,0.2559558520371916,0.16
