N,t_gs,l2_gs,ex_gs,t_ga,l2_ga,ex_ga,t_mem,l2_mem,ex_mem
5,0.05069541931152344,0.5900614034713344,1.0,0.4056541919708252,0.2627777893981043,1.0,0.45626044273376465,0.1403635597073391,1.0
10,0.0853424072265625,0.47189074545892773,1.0,0.404695987701416,0.42533088608208763,1.0,0.5068304538726807,0.2050172275042977,0.9
20,0.17320871353149414,0.4657378110408863,1.0,0.4696197509765625,0.42371808534075506,0.45,0.5266330242156982,0.2579940506626029,0.55
30,0.2706270217895508,0.41517729248311513,1.0,0.41234827041625977,0.5545993864413313,0.4666666666666667,0.5012071132659912,0.26787571674398625,0.3333333333333333
40,0.35955238342285156,0.4283074671839273,1.0,0.4096541404724121,0.49801912617308264,0.225,0.493114709854126,0.22941162537092966,0.225
50,0.4648773670196533,0.4573548328060506,1.0,0.40839171409606934,0.4402922489884634,0.16,0.5387394428253174,0.2999516055199208,0.24
