N,t_gs,l2_gs,ex_gs,t_ga,l2_ga,ex_ga,t_mem,l2_mem,ex_mem
5,0.0952765941619873,0.26489966861562414,1.0,0.5331928730010986,0.19810439318914677,1.0,0.6685895919799805,0.06499814217652426,1.0
